fecha,producto,categoria,precio,cantidad,cliente
2025-08-14,Teclado Mecánico,Electrónica,47200.0,2.0,CLI-041
2026-01-26,Lámpara LED,Hogar,11800.0,3.0,CLI-036
2025-07-31,Mouse Inalámbrico,Electrónica,13800.0,1.0,CLI-029
2025-06-01,Campera Impermeable,Indumentaria,64800.0,1.0,CLI-035
2026-01-16,Mochila Urbana,Accesorios,32400.0,1.0,CLI-004
2026-06-08,Mouse Inalámbrico,Electrónica,15200.0,2.0,CLI-050
2026-02-26,Notebook Lenovo,Electrónica,933700.0,1.0,CLI-045
2026-06-19,Mochila Urbana,Accesorios,28600.0,5.0,CLI-030
2025-08-28,Cafetera Eléctrica,Hogar,49800.0,3.0,CLI-059
2025-11-18,Teclado Mecánico,Electrónica,49200.0,3.0,CLI-019
2025-07-04,Zapatillas Running,Indumentaria,65200.0,1.0,CLI-021
2026-03-16,Lámpara LED,Hogar,10800.0,2.0,CLI-014
2026-01-24,Escritorio Madera,Muebles,97100.0,1.0,CLI-031
2025-10-03,Mochila Urbana,Accesorios,29500.0,5.0,CLI-005
2025-11-06,Campera Impermeable,Indumentaria,79000.0,1.0,CLI-043
2025-12-21,Cafetera Eléctrica,Hogar,,2.0,CLI-003
2026-06-11,Mouse Inalámbrico,Electrónica,14600.0,4.0,CLI-018
2025-11-20,Mouse Inalámbrico,Electrónica,13500.0,1.0,CLI-005
2025-03-15,Botella Térmica,Accesorios,9300.0,1.0,CLI-030
2026-06-11,Notebook Lenovo,Electrónica,876800.0,5.0,CLI-027
2025-10-30,Silla Ergonómica,Muebles,118700.0,4.0,CLI-011
2026-05-24,Silla Ergonómica,Muebles,126600.0,2.0,CLI-039
2026-04-07,Cafetera Eléctrica,Hogar,52000.0,4.0,CLI-028
2025-07-14,Botella Térmica,Accesorios,8300.0,5.0,CLI-059
2026-06-28,Campera Impermeable,Indumentaria,64900.0,2.0,CLI-023
2025-05-08,Zapatillas Running,Indumentaria,63300.0,1.0,CLI-021
2025-02-21,Mochila Urbana,Accesorios,32400.0,2.0,CLI-041
2026-04-25,Zapatillas Running,Indumentaria,64600.0,1.0,CLI-044
2025-03-04,Botella Térmica,Accesorios,8700.0,1.0,CLI-038
2025-03-01,Auriculares Bluetooth,Electrónica,34500.0,1.0,CLI-059
2025-11-26,Zapatillas Running,Indumentaria,73200.0,4.0,CLI-039
2025-12-13,Mouse Inalámbrico,Electrónica,15800.0,1.0,CLI-060
2025-06-27,Teclado Mecánico,Electrónica,42600.0,3.0,CLI-052
2025-03-25,Escritorio Madera,Muebles,89800.0,3.0,CLI-060
2026-04-09,Silla Ergonómica,Muebles,113600.0,2.0,CLI-009
2026-01-30,Notebook Lenovo,Electrónica,814600.0,4.0,CLI-050
2025-03-06,Silla Ergonómica,Muebles,123700.0,1.0,CLI-046
2025-11-18,Lámpara LED,Hogar,11100.0,3.0,CLI-050
2025-04-11,Auriculares Bluetooth,Electrónica,35200.0,,CLI-050
2025-10-06,Escritorio Madera,Muebles,91600.0,1.0,CLI-009
2026-05-31,Auriculares Bluetooth,Electrónica,41400.0,1.0,CLI-047
2025-02-24,Lámpara LED,Hogar,12000.0,2.0,CLI-025
2026-04-18,Mochila Urbana,Accesorios,28500.0,2.0,CLI-043
2025-02-25,Auriculares Bluetooth,Electrónica,38000.0,1.0,CLI-016
2026-01-13,Cafetera Eléctrica,Hogar,60000.0,,CLI-038
2026-01-29,Cafetera Eléctrica,Hogar,53900.0,1.0,CLI-042
2025-10-24,Auriculares Bluetooth,Electrónica,40400.0,3.0,CLI-037
2026-01-04,Zapatillas Running,Indumentaria,73200.0,5.0,CLI-007
2025-08-12,Cafetera Eléctrica,Hogar,57200.0,3.0,CLI-011
2025-02-22,Silla Ergonómica,Muebles,122400.0,3.0,CLI-007
2026-06-18,Teclado Mecánico,Electrónica,46700.0,1.0,CLI-009
2026-03-31,Teclado Mecánico,Electrónica,41300.0,3.0,CLI-008
2026-01-24,Auriculares Bluetooth,Electrónica,36100.0,3.0,CLI-010
2026-01-15,Escritorio Madera,Muebles,89500.0,2.0,CLI-045
2025-06-18,Cafetera Eléctrica,Hogar,51000.0,4.0,CLI-007
2025-08-29,Mouse Inalámbrico,Electrónica,14900.0,,CLI-006
2025-08-08,Mouse Inalámbrico,Electrónica,14700.0,3.0,CLI-035
2026-06-28,Silla Ergonómica,Muebles,118900.0,4.0,CLI-007
2026-04-10,Silla Ergonómica,Muebles,115400.0,2.0,CLI-008
2025-12-15,Mouse Inalámbrico,Electrónica,14400.0,1.0,CLI-030
2025-04-06,Campera Impermeable,Indumentaria,73400.0,3.0,CLI-056
2025-07-16,Auriculares Bluetooth,Electrónica,38300.0,1.0,CLI-028
2025-01-26,Cafetera Eléctrica,Hogar,50700.0,4.0,CLI-059
2025-12-22,Escritorio Madera,Muebles,88700.0,1.0,CLI-053
2025-05-17,Mochila Urbana,Accesorios,33000.0,1.0,CLI-005
2026-01-20,Mouse Inalámbrico,Electrónica,16000.0,2.0,CLI-011
2025-05-11,Botella Térmica,Accesorios,9900.0,1.0,CLI-049
2025-08-28,Zapatillas Running,Indumentaria,64200.0,1.0,CLI-033
2025-07-07,Mochila Urbana,Accesorios,32400.0,1.0,CLI-015
2025-02-10,Campera Impermeable,Indumentaria,66000.0,3.0,CLI-060
2025-10-10,Zapatillas Running,Indumentaria,61300.0,2.0,CLI-006
2025-06-29,Cafetera Eléctrica,Hogar,49900.0,1.0,CLI-015
2025-03-16,Auriculares Bluetooth,Electrónica,40300.0,2.0,CLI-031
2025-07-30,Botella Térmica,Accesorios,9100.0,1.0,CLI-058
2026-01-06,Zapatillas Running,Indumentaria,64200.0,2.0,CLI-051
2025-08-07,Zapatillas Running,Indumentaria,64800.0,3.0,CLI-057
2025-08-10,Botella Térmica,Accesorios,9000.0,2.0,CLI-007
2025-06-11,Escritorio Madera,Muebles,91400.0,3.0,CLI-050
2025-09-28,Teclado Mecánico,Electrónica,41900.0,2.0,CLI-001
2025-11-29,Mochila Urbana,Accesorios,29900.0,4.0,CLI-021
2026-01-29,Cafetera Eléctrica,Hogar,53900.0,1.0,CLI-042
2025-02-15,Escritorio Madera,Muebles,95900.0,1.0,CLI-054
2026-03-29,Cafetera Eléctrica,Hogar,56900.0,5.0,CLI-051
2025-06-22,Escritorio Madera,Muebles,104100.0,2.0,CLI-019
2025-05-14,Auriculares Bluetooth,Electrónica,36400.0,3.0,CLI-060
2026-01-12,Zapatillas Running,Indumentaria,73500.0,3.0,CLI-004
2025-04-25,Notebook Lenovo,Electrónica,905900.0,2.0,CLI-037
2026-06-20,Lámpara LED,Hogar,11900.0,5.0,CLI-020
2025-04-10,Mochila Urbana,Accesorios,28300.0,3.0,CLI-023
2026-05-02,Zapatillas Running,Indumentaria,63400.0,4.0,CLI-060
2025-03-22,Lámpara LED,Hogar,12900.0,3.0,CLI-015
2026-04-29,Zapatillas Running,Indumentaria,66100.0,2.0,CLI-011
2025-03-16,Cafetera Eléctrica,Hogar,54100.0,2.0,CLI-046
2026-04-10,Mouse Inalámbrico,Electrónica,15600.0,2.0,CLI-051
2026-03-30,Auriculares Bluetooth,Electrónica,41100.0,3.0,CLI-049
2025-07-10,Cafetera Eléctrica,Hogar,56500.0,1.0,CLI-036
2025-11-29,Notebook Lenovo,Electrónica,814900.0,3.0,CLI-028
2026-05-06,Cafetera Eléctrica,Hogar,53200.0,1.0,CLI-017
2025-03-12,Lámpara LED,Hogar,12400.0,1.0,CLI-041
2025-07-23,Mouse Inalámbrico,Electrónica,15300.0,2.0,CLI-007
2026-04-03,Zapatillas Running,Indumentaria,70800.0,1.0,CLI-059
2025-12-10,Cafetera Eléctrica,Hogar,49600.0,2.0,CLI-016
2026-04-13,Teclado Mecánico,Electrónica,46000.0,1.0,CLI-021
2025-06-04,Auriculares Bluetooth,Electrónica,37100.0,1.0,CLI-046
2025-03-24,Mochila Urbana,Accesorios,32800.0,1.0,CLI-042
2025-02-25,Notebook Lenovo,Electrónica,874400.0,1.0,CLI-033
2025-03-22,Escritorio Madera,Muebles,103100.0,2.0,CLI-048
2025-06-07,Lámpara LED,Hogar,12500.0,1.0,CLI-048
2026-03-31,Escritorio Madera,Muebles,94000.0,3.0,CLI-040
2025-09-13,Mouse Inalámbrico,Electrónica,14900.0,1.0,CLI-008
2026-01-10,Lámpara LED,Hogar,11700.0,4.0,CLI-004
2025-05-01,Mochila Urbana,Accesorios,32500.0,2.0,CLI-024
2025-03-28,Mochila Urbana,Accesorios,27800.0,1.0,CLI-016
2026-02-07,Auriculares Bluetooth,Electrónica,37700.0,2.0,CLI-046
2026-03-02,Botella Térmica,Accesorios,8300.0,4.0,CLI-021
2025-10-10,Zapatillas Running,Indumentaria,67400.0,1.0,CLI-051
2025-08-18,Botella Térmica,Accesorios,9300.0,4.0,CLI-016
2026-04-08,Notebook Lenovo,Electrónica,774700.0,2.0,CLI-005
2025-07-02,Zapatillas Running,Indumentaria,68600.0,5.0,CLI-008
2025-10-03,Campera Impermeable,Indumentaria,65700.0,1.0,CLI-006
2026-06-11,Mouse Inalámbrico,Electrónica,16300.0,1.0,CLI-050
2025-04-08,Teclado Mecánico,Electrónica,49300.0,5.0,CLI-021
2025-05-08,Cafetera Eléctrica,Hogar,57100.0,4.0,CLI-018
2025-02-11,Auriculares Bluetooth,Electrónica,40600.0,3.0,CLI-010
2026-03-31,Cafetera Eléctrica,Hogar,51300.0,1.0,CLI-051
2025-06-20,Botella Térmica,Accesorios,8600.0,1.0,CLI-003
2025-06-03,Teclado Mecánico,Electrónica,43500.0,5.0,CLI-008
2025-01-18,Zapatillas Running,Indumentaria,71000.0,2.0,CLI-002
2025-09-12,Mochila Urbana,Accesorios,31000.0,1.0,CLI-042
2025-04-11,Notebook Lenovo,Electrónica,875900.0,1.0,CLI-006
2026-01-02,Auriculares Bluetooth,Electrónica,39400.0,1.0,CLI-023
2025-07-24,Campera Impermeable,Indumentaria,66800.0,2.0,CLI-042
2025-05-22,Mochila Urbana,Accesorios,30900.0,3.0,CLI-023
2025-11-02,Auriculares Bluetooth,Electrónica,41400.0,2.0,CLI-050
2026-05-16,Teclado Mecánico,Electrónica,48800.0,1.0,CLI-034
2025-11-12,Notebook Lenovo,Electrónica,802500.0,1.0,CLI-001
2025-01-24,Silla Ergonómica,Muebles,119100.0,4.0,CLI-035
2026-06-28,Cafetera Eléctrica,Hogar,60500.0,1.0,CLI-008
2025-07-18,Escritorio Madera,Muebles,98400.0,5.0,CLI-030
2025-01-26,Notebook Lenovo,Electrónica,806600.0,5.0,CLI-040
2025-03-23,Notebook Lenovo,Electrónica,808500.0,1.0,CLI-036
2026-03-16,Silla Ergonómica,Muebles,121600.0,1.0,CLI-040
2026-05-30,Mochila Urbana,Accesorios,32400.0,1.0,CLI-015
2025-01-27,Silla Ergonómica,Muebles,121800.0,4.0,CLI-026
2025-09-24,Botella Térmica,Accesorios,8900.0,2.0,CLI-045
2025-09-12,Mochila Urbana,Accesorios,31000.0,1.0,CLI-042
2026-02-06,Teclado Mecánico,Electrónica,45900.0,1.0,CLI-020
2025-11-09,Auriculares Bluetooth,Electrónica,35900.0,2.0,CLI-026
2026-06-21,Mouse Inalámbrico,Electrónica,14300.0,1.0,CLI-032
2025-11-28,Notebook Lenovo,Electrónica,768700.0,1.0,CLI-050
2025-04-04,Auriculares Bluetooth,Electrónica,41500.0,1.0,CLI-049
2026-04-30,Mouse Inalámbrico,Electrónica,14400.0,4.0,CLI-031
2025-10-26,Zapatillas Running,Indumentaria,68300.0,1.0,CLI-003
2025-11-21,Mochila Urbana,Accesorios,27400.0,5.0,CLI-044
2026-06-02,Mochila Urbana,Accesorios,30000.0,5.0,CLI-027
2025-10-13,Botella Térmica,Accesorios,9600.0,1.0,CLI-037
2025-08-29,Zapatillas Running,Indumentaria,63000.0,6.0,CLI-043
2025-10-30,Escritorio Madera,Muebles,99700.0,1.0,CLI-013
2026-01-05,Botella Térmica,Accesorios,8500.0,3.0,CLI-053
2025-03-28,Notebook Lenovo,Electrónica,791400.0,1.0,CLI-044
2026-04-19,Mochila Urbana,Accesorios,31800.0,1.0,CLI-026
2025-08-22,Auriculares Bluetooth,Electrónica,39700.0,1.0,CLI-014
2025-02-09,Silla Ergonómica,Muebles,130000.0,5.0,CLI-045
2025-11-24,Mochila Urbana,Accesorios,29100.0,1.0,CLI-036
2025-07-23,Campera Impermeable,Indumentaria,67700.0,4.0,CLI-013
2025-10-30,Cafetera Eléctrica,Hogar,54000.0,5.0,CLI-004
2025-12-29,Auriculares Bluetooth,Electrónica,41100.0,2.0,CLI-018
2026-02-25,Lámpara LED,Hogar,12800.0,1.0,CLI-009
2026-04-19,Lámpara LED,Hogar,11400.0,2.0,CLI-044
2025-05-01,Notebook Lenovo,Electrónica,822000.0,4.0,CLI-018
2026-04-02,Teclado Mecánico,Electrónica,40800.0,2.0,CLI-042
2026-05-18,Teclado Mecánico,Electrónica,41000.0,1.0,CLI-028
2025-07-14,Escritorio Madera,Muebles,99300.0,2.0,CLI-044
2026-05-03,Zapatillas Running,Indumentaria,63300.0,2.0,CLI-007
2025-07-01,Mochila Urbana,Accesorios,27400.0,1.0,CLI-048
2025-05-24,Auriculares Bluetooth,Electrónica,36300.0,1.0,CLI-016
2025-07-17,Escritorio Madera,Muebles,87800.0,1.0,CLI-013
2025-03-21,Teclado Mecánico,Electrónica,45800.0,5.0,CLI-001
2025-02-16,Botella Térmica,Accesorios,9600.0,3.0,CLI-060
2025-06-27,Campera Impermeable,Indumentaria,67000.0,1.0,CLI-050
2025-12-11,Silla Ergonómica,Muebles,123400.0,2.0,CLI-017
2026-04-17,Botella Térmica,Accesorios,9800.0,1.0,CLI-028
2025-01-30,Cafetera Eléctrica,Hogar,58900.0,1.0,CLI-032
2026-05-04,Zapatillas Running,Indumentaria,73700.0,1.0,CLI-033
2026-06-08,Mouse Inalámbrico,Electrónica,15700.0,1.0,CLI-058
2025-05-28,Cafetera Eléctrica,Hogar,59600.0,4.0,CLI-027
2025-01-16,Escritorio Madera,Muebles,100500.0,2.0,CLI-038
2025-04-29,Mouse Inalámbrico,Electrónica,16100.0,1.0,CLI-001
2025-01-21,Escritorio Madera,Muebles,90500.0,1.0,CLI-005
2025-02-18,Mouse Inalámbrico,Electrónica,14000.0,1.0,CLI-051
2026-05-15,Mouse Inalámbrico,Electrónica,16200.0,5.0,CLI-003
2026-03-03,Teclado Mecánico,Electrónica,46500.0,1.0,CLI-034
2025-04-19,Escritorio Madera,Muebles,90100.0,1.0,CLI-018
2025-05-16,Auriculares Bluetooth,Electrónica,35300.0,3.0,CLI-054
2025-01-07,Mochila Urbana,Accesorios,31300.0,1.0,CLI-049
2025-10-07,Teclado Mecánico,Electrónica,42800.0,5.0,CLI-052
2026-01-21,Botella Térmica,Accesorios,9400.0,1.0,CLI-014
2025-01-20,Cafetera Eléctrica,Hogar,53000.0,1.0,CLI-027
2025-04-10,Notebook Lenovo,Electrónica,800200.0,2.0,CLI-006
2025-07-19,Escritorio Madera,Muebles,96000.0,1.0,CLI-025
2026-05-03,Mochila Urbana,Accesorios,31300.0,5.0,CLI-051
2026-02-15,Notebook Lenovo,Electrónica,793000.0,1.0,CLI-025
2026-03-21,Teclado Mecánico,Electrónica,41000.0,3.0,CLI-014
2026-03-03,Lámpara LED,Hogar,11200.0,4.0,CLI-012
2026-06-07,Cafetera Eléctrica,Hogar,58400.0,5.0,CLI-009
2025-06-18,Botella Térmica,Accesorios,8500.0,1.0,CLI-036
2026-06-23,Auriculares Bluetooth,Electrónica,39000.0,1.0,CLI-025
2025-12-03,Silla Ergonómica,Muebles,128700.0,2.0,CLI-023
2025-09-19,Silla Ergonómica,Muebles,115900.0,1.0,CLI-032
2026-02-08,Mouse Inalámbrico,Electrónica,15300.0,1.0,CLI-028
2026-06-15,Campera Impermeable,Indumentaria,72100.0,5.0,CLI-042
2025-12-17,Teclado Mecánico,Electrónica,41500.0,4.0,CLI-030
2026-06-08,Botella Térmica,Accesorios,8600.0,1.0,CLI-060
2025-10-16,Campera Impermeable,Indumentaria,67800.0,3.0,CLI-014
2025-09-23,Lámpara LED,Hogar,11800.0,1.0,CLI-038
2026-01-23,Mouse Inalámbrico,Electrónica,15200.0,3.0,CLI-037
2025-03-30,Zapatillas Running,Indumentaria,67400.0,3.0,CLI-013
2025-11-05,Mouse Inalámbrico,Electrónica,13600.0,4.0,CLI-041
2025-06-20,Cafetera Eléctrica,Hogar,52700.0,1.0,CLI-021
2025-10-25,Cafetera Eléctrica,Hogar,57500.0,3.0,CLI-028
2025-10-06,Lámpara LED,Hogar,12500.0,5.0,CLI-052
2025-04-17,Cafetera Eléctrica,Hogar,51000.0,1.0,CLI-016
2025-11-02,Lámpara LED,Hogar,12800.0,4.0,CLI-035
2026-04-28,Zapatillas Running,Indumentaria,72100.0,2.0,CLI-049
2025-10-14,Mouse Inalámbrico,Electrónica,13600.0,2.0,CLI-058
2025-04-29,Auriculares Bluetooth,Electrónica,39800.0,1.0,CLI-003
2025-11-03,Mochila Urbana,Accesorios,27600.0,1.0,CLI-017
2026-01-11,Zapatillas Running,Indumentaria,72400.0,1.0,CLI-049
2025-04-22,Teclado Mecánico,Electrónica,41500.0,5.0,CLI-030
2026-06-22,Botella Térmica,Accesorios,9100.0,2.0,CLI-043
2026-01-06,Notebook Lenovo,Electrónica,826600.0,1.0,CLI-014
2025-09-07,Botella Térmica,Accesorios,8500.0,1.0,CLI-042
2026-01-17,Teclado Mecánico,Electrónica,45500.0,3.0,CLI-043
2025-09-27,Botella Térmica,Accesorios,9200.0,4.0,CLI-024
2026-03-28,Zapatillas Running,Indumentaria,64200.0,4.0,CLI-007
2025-12-13,Zapatillas Running,Indumentaria,68300.0,1.0,CLI-028
2025-11-24,Silla Ergonómica,Muebles,127800.0,3.0,CLI-008
2025-12-20,Teclado Mecánico,Electrónica,43100.0,2.0,CLI-046
2025-08-15,Auriculares Bluetooth,Electrónica,41500.0,5.0,CLI-010
2026-02-09,Mochila Urbana,Accesorios,27200.0,1.0,CLI-035
2026-05-15,Notebook Lenovo,Electrónica,766100.0,4.0,CLI-001
2026-04-14,Mouse Inalámbrico,Electrónica,14300.0,5.0,CLI-034
2025-04-15,Zapatillas Running,Indumentaria,63700.0,3.0,CLI-013
2025-10-13,Campera Impermeable,Indumentaria,68100.0,4.0,CLI-055
2025-09-29,Cafetera Eléctrica,Hogar,52600.0,5.0,CLI-010
2025-06-07,Cafetera Eléctrica,Hogar,59800.0,2.0,CLI-033
2026-03-15,Teclado Mecánico,Electrónica,46000.0,2.0,CLI-053
2026-05-01,Silla Ergonómica,Muebles,131200.0,2.0,CLI-047
2025-04-28,Mochila Urbana,Accesorios,32300.0,2.0,CLI-050
2026-02-12,Mouse Inalámbrico,Electrónica,14400.0,2.0,CLI-037
2025-04-08,Zapatillas Running,Indumentaria,73700.0,2.0,CLI-014
2026-05-02,Campera Impermeable,Indumentaria,77500.0,6.0,CLI-006
2026-03-29,Auriculares Bluetooth,Electrónica,41100.0,4.0,CLI-048
2026-04-13,Zapatillas Running,Indumentaria,63200.0,2.0,CLI-059
2026-01-25,Escritorio Madera,Muebles,93900.0,4.0,CLI-053
2026-03-31,Mouse Inalámbrico,Electrónica,16200.0,3.0,CLI-039
2025-06-06,Auriculares Bluetooth,Electrónica,39500.0,1.0,CLI-020
2025-05-27,Campera Impermeable,Indumentaria,74600.0,5.0,CLI-009
2025-07-17,Teclado Mecánico,Electrónica,40900.0,1.0,CLI-044
2026-01-13,Campera Impermeable,Indumentaria,78800.0,2.0,CLI-047
2025-11-23,Campera Impermeable,Indumentaria,68000.0,2.0,CLI-004
2025-06-13,Escritorio Madera,Muebles,96100.0,5.0,CLI-015
2025-09-18,Campera Impermeable,Indumentaria,67600.0,1.0,CLI-060
2025-02-04,Mouse Inalámbrico,Electrónica,16300.0,1.0,CLI-049
2026-03-30,Auriculares Bluetooth,Electrónica,34900.0,1.0,CLI-009
2026-05-03,Mochila Urbana,Accesorios,29200.0,2.0,CLI-055
2026-06-10,Notebook Lenovo,Electrónica,880100.0,2.0,CLI-053
2026-05-28,Zapatillas Running,Indumentaria,67900.0,3.0,CLI-003
2025-02-15,Campera Impermeable,Indumentaria,79000.0,4.0,CLI-049
2026-02-28,Notebook Lenovo,Electrónica,860600.0,2.0,CLI-048
2025-05-02,Teclado Mecánico,Electrónica,49300.0,4.0,CLI-024
2026-01-28,Campera Impermeable,Indumentaria,65300.0,1.0,CLI-044
2025-05-21,Mochila Urbana,Accesorios,27600.0,1.0,CLI-020
2026-04-11,Mouse Inalámbrico,Electrónica,15500.0,1.0,CLI-004
2025-08-15,Mochila Urbana,Accesorios,28400.0,2.0,CLI-018
2025-11-11,Teclado Mecánico,Electrónica,44100.0,2.0,CLI-045
2025-06-02,Cafetera Eléctrica,Hogar,55400.0,3.0,CLI-022
2025-01-03,Silla Ergonómica,Muebles,125400.0,5.0,CLI-056
2025-02-12,Cafetera Eléctrica,Hogar,59500.0,2.0,CLI-021
2025-09-11,Botella Térmica,Accesorios,8900.0,5.0,CLI-034
2026-05-17,Mouse Inalámbrico,Electrónica,14800.0,3.0,CLI-041
2026-01-02,Mouse Inalámbrico,Electrónica,15900.0,4.0,CLI-014
2025-06-01,Mouse Inalámbrico,Electrónica,13900.0,3.0,CLI-025
2025-10-08,Mouse Inalámbrico,Electrónica,15500.0,2.0,CLI-006
2025-04-21,Escritorio Madera,Muebles,101600.0,3.0,CLI-008
2026-03-29,Zapatillas Running,Indumentaria,70800.0,1.0,CLI-008
2025-03-25,Silla Ergonómica,Muebles,118600.0,4.0,CLI-032
2026-04-21,Zapatillas Running,Indumentaria,66600.0,1.0,CLI-044
2025-01-30,Lámpara LED,Hogar,11600.0,4.0,CLI-047
2026-05-23,Campera Impermeable,Indumentaria,73700.0,5.0,CLI-009
2025-04-28,Notebook Lenovo,Electrónica,909400.0,1.0,CLI-044
2025-05-20,Teclado Mecánico,Electrónica,47100.0,4.0,CLI-051
2025-09-13,Mouse Inalámbrico,Electrónica,13600.0,1.0,CLI-032
2025-04-09,Zapatillas Running,Indumentaria,63200.0,2.0,CLI-040
2026-03-17,Teclado Mecánico,Electrónica,41700.0,2.0,CLI-033
2026-03-09,Notebook Lenovo,Electrónica,770100.0,2.0,CLI-015
2025-08-15,Mochila Urbana,Accesorios,27400.0,5.0,CLI-059
2026-03-27,Lámpara LED,Hogar,11600.0,1.0,CLI-032
2026-05-18,Campera Impermeable,Indumentaria,76100.0,4.0,CLI-018
2025-12-06,Escritorio Madera,Muebles,,2.0,CLI-030
2025-06-08,Mouse Inalámbrico,Electrónica,14900.0,2.0,CLI-022
2025-10-20,Lámpara LED,Hogar,12700.0,1.0,CLI-002
2025-12-23,Mouse Inalámbrico,Electrónica,14000.0,4.0,CLI-034
2025-04-29,Mouse Inalámbrico,Electrónica,15700.0,1.0,CLI-018
2025-03-29,Mouse Inalámbrico,Electrónica,16000.0,1.0,CLI-023
2025-06-28,Notebook Lenovo,Electrónica,926900.0,5.0,CLI-036
2025-12-02,Campera Impermeable,Indumentaria,75200.0,2.0,CLI-049
2025-08-29,Notebook Lenovo,Electrónica,767200.0,1.0,CLI-059
2025-02-22,Campera Impermeable,Indumentaria,71700.0,4.0,CLI-010
2026-03-16,Auriculares Bluetooth,Electrónica,38000.0,3.0,CLI-054
2026-03-29,Lámpara LED,Hogar,11500.0,1.0,CLI-023
2025-03-11,Notebook Lenovo,Electrónica,809600.0,1.0,CLI-060
2025-03-31,Silla Ergonómica,Muebles,127800.0,5.0,CLI-013
2026-05-30,Escritorio Madera,Muebles,92900.0,1.0,CLI-002
2026-02-15,Zapatillas Running,Indumentaria,61700.0,1.0,CLI-021
2026-06-20,Campera Impermeable,Indumentaria,67100.0,4.0,CLI-025
2025-12-13,Notebook Lenovo,Electrónica,865000.0,2.0,CLI-038
2025-02-06,Campera Impermeable,Indumentaria,65800.0,2.0,CLI-015
2026-03-31,Cafetera Eléctrica,Hogar,60000.0,3.0,CLI-007
2025-07-18,Silla Ergonómica,Muebles,113500.0,1.0,CLI-020
2025-12-27,Auriculares Bluetooth,Electrónica,39000.0,2.0,CLI-044
2026-02-10,Mochila Urbana,Accesorios,28800.0,2.0,CLI-028
2025-05-23,Botella Térmica,Accesorios,8900.0,1.0,CLI-058
2025-12-05,Mochila Urbana,Accesorios,27500.0,5.0,CLI-055
2025-02-07,Escritorio Madera,Muebles,98800.0,1.0,CLI-007
2026-04-27,Notebook Lenovo,Electrónica,873100.0,3.0,CLI-017
2025-12-09,Mouse Inalámbrico,Electrónica,14500.0,4.0,CLI-019
2025-12-30,Auriculares Bluetooth,Electrónica,39900.0,2.0,CLI-027
2025-09-12,Cafetera Eléctrica,Hogar,53300.0,4.0,CLI-010
2025-11-10,Teclado Mecánico,Electrónica,41100.0,1.0,CLI-020
2025-01-19,Mouse Inalámbrico,Electrónica,14700.0,1.0,CLI-036
2025-07-01,Botella Térmica,Accesorios,8100.0,4.0,CLI-055
2026-03-10,Escritorio Madera,Muebles,98800.0,1.0,CLI-060
2025-04-15,Notebook Lenovo,Electrónica,852000.0,3.0,CLI-036
2026-01-22,Cafetera Eléctrica,Hogar,59800.0,2.0,CLI-045
2026-02-22,Silla Ergonómica,Muebles,108800.0,3.0,CLI-014
2025-02-25,Auriculares Bluetooth,Electrónica,40600.0,3.0,CLI-036
2026-05-01,Campera Impermeable,Indumentaria,72700.0,3.0,CLI-054
2025-03-24,Teclado Mecánico,Electrónica,41100.0,1.0,CLI-044
2025-03-22,Silla Ergonómica,Muebles,112700.0,2.0,CLI-009
2025-08-29,Mochila Urbana,Accesorios,28900.0,2.0,CLI-010
2025-09-05,Botella Térmica,Accesorios,8800.0,2.0,CLI-045
2026-03-08,Mochila Urbana,Accesorios,32300.0,1.0,CLI-008
2026-02-28,Notebook Lenovo,Electrónica,913000.0,1.0,CLI-009
2025-02-19,Auriculares Bluetooth,Electrónica,39800.0,4.0,CLI-029
2026-05-02,Silla Ergonómica,Muebles,109100.0,1.0,CLI-044
2025-12-12,Lámpara LED,Hogar,11500.0,4.0,CLI-017
2025-10-23,Botella Térmica,Accesorios,8500.0,5.0,CLI-021
2025-09-08,Escritorio Madera,Muebles,90900.0,5.0,CLI-054
2025-02-01,Auriculares Bluetooth,Electrónica,37000.0,5.0,CLI-012
2025-09-20,Mochila Urbana,Accesorios,28400.0,2.0,CLI-017
2026-06-02,Campera Impermeable,Indumentaria,65200.0,4.0,CLI-042
2025-09-25,Auriculares Bluetooth,Electrónica,39300.0,3.0,CLI-016
2025-10-30,Botella Térmica,Accesorios,9700.0,,CLI-030
2025-11-07,Silla Ergonómica,Muebles,114700.0,5.0,CLI-055
2026-06-15,Cafetera Eléctrica,Hogar,50100.0,2.0,CLI-059
2026-04-22,Silla Ergonómica,Muebles,126600.0,2.0,CLI-021
2025-05-16,Zapatillas Running,Indumentaria,73100.0,5.0,CLI-033
2025-06-16,Botella Térmica,Accesorios,8900.0,2.0,CLI-046
2026-03-06,Auriculares Bluetooth,Electrónica,37600.0,2.0,CLI-052
2025-07-14,Silla Ergonómica,Muebles,113200.0,1.0,CLI-038
2025-11-20,Lámpara LED,Hogar,11400.0,,CLI-059
2026-01-21,Mochila Urbana,Accesorios,31700.0,1.0,CLI-043
2025-03-17,Campera Impermeable,Indumentaria,73900.0,1.0,CLI-010
2026-01-29,Campera Impermeable,Indumentaria,70800.0,1.0,CLI-053
2025-05-26,Campera Impermeable,Indumentaria,78500.0,7.0,CLI-020
2026-05-31,Auriculares Bluetooth,Electrónica,41400.0,1.0,CLI-047
2026-06-18,Silla Ergonómica,Muebles,119000.0,1.0,CLI-004
2026-04-06,Escritorio Madera,Muebles,92600.0,1.0,CLI-037
2026-04-06,Auriculares Bluetooth,Electrónica,35300.0,1.0,CLI-019
2026-06-20,Lámpara LED,Hogar,11100.0,1.0,CLI-010
2025-11-02,Auriculares Bluetooth,Electrónica,35300.0,2.0,CLI-058
2026-06-28,Notebook Lenovo,Electrónica,866800.0,5.0,CLI-002
2025-12-10,Silla Ergonómica,Muebles,118900.0,5.0,CLI-057
2025-06-07,Escritorio Madera,Muebles,,2.0,CLI-032
2026-02-08,Campera Impermeable,Indumentaria,72900.0,1.0,CLI-006
2025-09-12,Notebook Lenovo,Electrónica,809300.0,2.0,CLI-029
2025-06-19,Cafetera Eléctrica,Hogar,59600.0,1.0,CLI-059
2025-04-02,Mochila Urbana,Accesorios,30400.0,1.0,CLI-059
2025-01-03,Botella Térmica,Accesorios,8300.0,5.0,CLI-041
2025-03-03,Campera Impermeable,Indumentaria,74000.0,5.0,CLI-043
2025-01-04,Botella Térmica,Accesorios,9700.0,2.0,CLI-033
2025-08-04,Campera Impermeable,Indumentaria,70800.0,2.0,CLI-057
2026-06-24,Mouse Inalámbrico,Electrónica,15400.0,4.0,CLI-033
2025-09-22,Lámpara LED,Hogar,11700.0,4.0,CLI-028
2025-05-28,Silla Ergonómica,Muebles,124300.0,3.0,CLI-001
2026-02-12,Mochila Urbana,Accesorios,27500.0,3.0,CLI-055
2025-10-30,Auriculares Bluetooth,Electrónica,,1.0,CLI-018
2025-05-28,Escritorio Madera,Muebles,101900.0,3.0,CLI-047
2025-09-11,Mochila Urbana,Accesorios,29400.0,1.0,CLI-037
2026-03-25,Campera Impermeable,Indumentaria,68700.0,1.0,CLI-024
2025-12-07,Mochila Urbana,Accesorios,32900.0,3.0,CLI-041
2025-03-28,Campera Impermeable,Indumentaria,66200.0,1.0,CLI-041
2025-10-19,Botella Térmica,Accesorios,9500.0,2.0,CLI-035
2025-09-03,Zapatillas Running,Indumentaria,65600.0,2.0,CLI-025
2025-01-20,Cafetera Eléctrica,Hogar,59600.0,3.0,CLI-037
2026-01-26,Teclado Mecánico,Electrónica,,1.0,CLI-013
2026-03-22,Silla Ergonómica,Muebles,123300.0,1.0,CLI-005
2026-05-12,Teclado Mecánico,Electrónica,42300.0,4.0,CLI-036
2025-06-29,Mouse Inalámbrico,Electrónica,15300.0,4.0,CLI-040
2025-06-07,Teclado Mecánico,Electrónica,46400.0,3.0,CLI-054
2025-02-27,Auriculares Bluetooth,Electrónica,38600.0,4.0,CLI-023
2026-05-10,Botella Térmica,Accesorios,8200.0,1.0,CLI-039
2026-03-09,Campera Impermeable,Indumentaria,65700.0,4.0,CLI-039
2026-04-21,Botella Térmica,Accesorios,9000.0,1.0,CLI-052
2026-05-27,Mochila Urbana,Accesorios,30600.0,1.0,CLI-024
2026-04-05,Teclado Mecánico,Electrónica,49000.0,1.0,CLI-014
2026-05-05,Mouse Inalámbrico,Electrónica,16000.0,4.0,CLI-032
2025-05-01,Cafetera Eléctrica,Hogar,50100.0,1.0,CLI-031
2026-06-27,Auriculares Bluetooth,Electrónica,37400.0,1.0,CLI-010
2025-08-07,Mochila Urbana,Accesorios,31500.0,4.0,CLI-040
2026-02-28,Cafetera Eléctrica,Hogar,59200.0,3.0,CLI-035
2025-03-04,Lámpara LED,Hogar,12800.0,4.0,CLI-035
2025-07-31,Notebook Lenovo,Electrónica,861900.0,2.0,CLI-039
2025-05-20,Silla Ergonómica,Muebles,115700.0,2.0,CLI-031
2025-10-01,Zapatillas Running,Indumentaria,74600.0,1.0,CLI-009
2026-05-27,Lámpara LED,Hogar,12300.0,3.0,CLI-037
2026-06-04,Auriculares Bluetooth,Electrónica,35400.0,5.0,CLI-015
2026-06-06,Lámpara LED,Hogar,12400.0,3.0,CLI-002
2025-02-02,Mouse Inalámbrico,Electrónica,14700.0,4.0,CLI-036
2025-04-23,Lámpara LED,Hogar,12200.0,1.0,CLI-039
2025-08-14,Teclado Mecánico,Electrónica,45200.0,1.0,CLI-027
2025-10-02,Lámpara LED,Hogar,12400.0,1.0,CLI-056
2025-08-14,Notebook Lenovo,Electrónica,777100.0,1.0,CLI-015
2026-05-11,Auriculares Bluetooth,Electrónica,41500.0,2.0,CLI-036
2026-06-24,Silla Ergonómica,Muebles,127600.0,2.0,CLI-051
2025-05-28,Silla Ergonómica,Muebles,118300.0,3.0,CLI-016
2025-07-16,Botella Térmica,Accesorios,8200.0,2.0,CLI-050
2026-02-11,Mouse Inalámbrico,Electrónica,14600.0,4.0,CLI-030
2026-05-08,Escritorio Madera,Muebles,96000.0,1.0,CLI-046
2025-03-01,Auriculares Bluetooth,Electrónica,40900.0,1.0,CLI-006
2025-04-13,Auriculares Bluetooth,Electrónica,39200.0,2.0,CLI-035
2025-05-18,Escritorio Madera,Muebles,104400.0,5.0,CLI-023
2026-01-28,Mouse Inalámbrico,Electrónica,15700.0,1.0,CLI-007
2025-10-24,Mochila Urbana,Accesorios,32700.0,5.0,CLI-016
2026-03-16,Campera Impermeable,Indumentaria,70600.0,4.0,CLI-019
2026-02-07,Escritorio Madera,Muebles,87700.0,2.0,CLI-038
2026-04-26,Escritorio Madera,Muebles,102900.0,3.0,CLI-021
2026-04-21,Notebook Lenovo,Electrónica,782000.0,1.0,CLI-056
2025-01-09,Botella Térmica,Accesorios,8700.0,1.0,CLI-056
2026-03-11,Mouse Inalámbrico,Electrónica,14100.0,4.0,CLI-042
2025-11-07,Campera Impermeable,Indumentaria,72500.0,1.0,CLI-038
2025-06-22,Botella Térmica,Accesorios,9500.0,1.0,CLI-009
2025-07-19,Zapatillas Running,Indumentaria,62800.0,6.0,CLI-020
2025-11-13,Mochila Urbana,Accesorios,29500.0,4.0,CLI-045
2026-01-29,Cafetera Eléctrica,Hogar,50700.0,4.0,CLI-037
2026-04-06,Zapatillas Running,Indumentaria,63200.0,4.0,CLI-006
2025-01-29,Lámpara LED,Hogar,10900.0,2.0,CLI-055
2026-04-16,Botella Térmica,Accesorios,8400.0,1.0,CLI-047
2025-05-08,Escritorio Madera,Muebles,93800.0,4.0,CLI-048
2026-03-18,Escritorio Madera,Muebles,93500.0,5.0,CLI-056
2025-04-05,Lámpara LED,Hogar,11000.0,3.0,CLI-039
2025-12-19,Silla Ergonómica,Muebles,111100.0,4.0,CLI-033
2026-06-13,Mouse Inalámbrico,Electrónica,14400.0,1.0,CLI-018
2025-02-03,Teclado Mecánico,Electrónica,45900.0,2.0,CLI-041
2025-10-07,Lámpara LED,Hogar,12800.0,5.0,CLI-016
2025-09-12,Silla Ergonómica,Muebles,117500.0,3.0,CLI-019
2025-08-18,Mochila Urbana,Accesorios,27400.0,1.0,CLI-049
2025-09-01,Silla Ergonómica,Muebles,124100.0,2.0,CLI-035
2025-03-25,Campera Impermeable,Indumentaria,74400.0,3.0,CLI-020
2025-04-25,Escritorio Madera,Muebles,102200.0,2.0,CLI-016
2025-07-21,Botella Térmica,Accesorios,9800.0,2.0,CLI-029
2025-10-03,Campera Impermeable,Indumentaria,65400.0,1.0,CLI-031
2025-04-19,Auriculares Bluetooth,Electrónica,37500.0,4.0,CLI-034
2025-07-24,Silla Ergonómica,Muebles,115700.0,1.0,CLI-059
2025-02-08,Lámpara LED,Hogar,12900.0,2.0,CLI-050
2025-12-08,Auriculares Bluetooth,Electrónica,41700.0,2.0,CLI-005
2025-08-27,Zapatillas Running,Indumentaria,65900.0,2.0,CLI-001
2026-03-23,Mochila Urbana,Accesorios,31900.0,1.0,CLI-031
2026-02-05,Cafetera Eléctrica,Hogar,58000.0,1.0,CLI-023
2026-02-16,Mouse Inalámbrico,Electrónica,15400.0,1.0,CLI-018
2025-11-28,Notebook Lenovo,Electrónica,794600.0,1.0,CLI-009
2025-08-29,Lámpara LED,Hogar,11100.0,2.0,CLI-038
2025-04-24,Zapatillas Running,Indumentaria,72900.0,1.0,CLI-024
2025-03-19,Botella Térmica,Accesorios,9700.0,1.0,CLI-054
2025-01-05,Mochila Urbana,Accesorios,31400.0,2.0,CLI-045
2026-06-28,Escritorio Madera,Muebles,93600.0,3.0,CLI-023
2025-10-30,Zapatillas Running,Indumentaria,62900.0,4.0,CLI-043
2025-06-02,Silla Ergonómica,Muebles,127800.0,1.0,CLI-004
2025-11-12,Cafetera Eléctrica,Hogar,49800.0,4.0,CLI-033
2025-01-08,Mochila Urbana,Accesorios,27400.0,2.0,CLI-056
2026-03-19,Botella Térmica,Accesorios,8700.0,2.0,CLI-002
2025-03-21,Silla Ergonómica,Muebles,128300.0,1.0,CLI-033
2026-06-15,Lámpara LED,Hogar,13000.0,1.0,CLI-017
2025-05-21,Zapatillas Running,Indumentaria,66200.0,5.0,CLI-018
2025-10-21,Auriculares Bluetooth,Electrónica,37500.0,3.0,CLI-030
2025-08-16,Cafetera Eléctrica,Hogar,59200.0,1.0,CLI-027
2026-05-07,Escritorio Madera,Muebles,96100.0,2.0,CLI-019
2025-07-28,Lámpara LED,Hogar,12000.0,5.0,CLI-056
2025-10-19,Botella Térmica,Accesorios,8100.0,2.0,CLI-014
2026-01-18,Notebook Lenovo,Electrónica,916600.0,2.0,CLI-002
2025-07-22,Lámpara LED,Hogar,11700.0,1.0,CLI-038
2025-08-19,Escritorio Madera,Muebles,103500.0,2.0,CLI-055
2025-01-09,Mouse Inalámbrico,Electrónica,14800.0,2.0,CLI-047
2025-09-14,Teclado Mecánico,Electrónica,41500.0,1.0,CLI-009
2025-06-26,Silla Ergonómica,Muebles,117700.0,4.0,CLI-003
2026-03-18,Mouse Inalámbrico,Electrónica,16300.0,3.0,CLI-040
2026-01-03,Campera Impermeable,Indumentaria,69100.0,2.0,CLI-002
2026-06-14,Escritorio Madera,Muebles,95300.0,5.0,CLI-032
2026-04-30,Silla Ergonómica,Muebles,108900.0,2.0,CLI-019
2026-06-16,Mochila Urbana,Accesorios,29700.0,2.0,CLI-012
2025-09-16,Auriculares Bluetooth,Electrónica,37700.0,4.0,CLI-038
2026-04-08,Mouse Inalámbrico,Electrónica,15900.0,1.0,CLI-019
2025-11-27,Mochila Urbana,Accesorios,28900.0,5.0,CLI-005
2025-10-06,Teclado Mecánico,Electrónica,41500.0,2.0,CLI-016
2025-09-22,Escritorio Madera,Muebles,102800.0,1.0,CLI-006
2026-03-15,Teclado Mecánico,Electrónica,48300.0,1.0,CLI-004
2025-09-24,Lámpara LED,Hogar,11600.0,5.0,CLI-021
2025-02-03,Auriculares Bluetooth,Electrónica,36400.0,2.0,CLI-045
2025-04-27,Escritorio Madera,Muebles,92200.0,5.0,CLI-040
2026-03-27,Lámpara LED,Hogar,12000.0,2.0,CLI-022
2025-04-25,Notebook Lenovo,Electrónica,891100.0,2.0,CLI-015
2025-02-21,Silla Ergonómica,Muebles,119900.0,5.0,CLI-019
2026-06-06,Lámpara LED,Hogar,12000.0,1.0,CLI-003
2025-11-23,Teclado Mecánico,Electrónica,44000.0,2.0,CLI-038
2026-05-30,Mouse Inalámbrico,Electrónica,14400.0,2.0,CLI-039
2025-09-09,Teclado Mecánico,Electrónica,40600.0,4.0,CLI-002
2025-01-03,Lámpara LED,Hogar,11900.0,5.0,CLI-019
2025-08-14,Cafetera Eléctrica,Hogar,51900.0,4.0,CLI-032
2025-01-15,Botella Térmica,Accesorios,9100.0,2.0,CLI-003
2025-11-12,Cafetera Eléctrica,Hogar,53500.0,2.0,CLI-007
2025-10-01,Teclado Mecánico,Electrónica,49400.0,2.0,CLI-010
2025-05-23,Auriculares Bluetooth,Electrónica,40200.0,1.0,CLI-024
2025-12-19,Mochila Urbana,Accesorios,31000.0,3.0,CLI-045
2025-12-06,Notebook Lenovo,Electrónica,779900.0,1.0,CLI-012
2026-06-09,Lámpara LED,Hogar,11000.0,1.0,CLI-023
2025-03-05,Botella Térmica,Accesorios,9500.0,2.0,CLI-049
2025-04-04,Mouse Inalámbrico,Electrónica,13800.0,1.0,CLI-048
2025-10-09,Lámpara LED,Hogar,12900.0,3.0,CLI-030
2026-03-23,Botella Térmica,Accesorios,9200.0,3.0,CLI-055
2026-06-04,Auriculares Bluetooth,Electrónica,38400.0,4.0,CLI-026
2025-11-17,Campera Impermeable,Indumentaria,70400.0,4.0,CLI-038
2025-07-14,Lámpara LED,Hogar,12500.0,2.0,CLI-043
2025-01-07,Lámpara LED,Hogar,11100.0,2.0,CLI-005
2025-06-20,Escritorio Madera,Muebles,88500.0,1.0,CLI-058
2025-02-12,Escritorio Madera,Muebles,103200.0,4.0,CLI-053
2025-07-27,Botella Térmica,Accesorios,9700.0,2.0,CLI-011
2026-01-28,Notebook Lenovo,Electrónica,771400.0,2.0,CLI-047
2025-02-27,Escritorio Madera,Muebles,95100.0,2.0,CLI-030
2025-06-26,Botella Térmica,Accesorios,8900.0,1.0,CLI-052
2026-02-19,Mochila Urbana,Accesorios,28100.0,4.0,CLI-026
2025-03-15,Campera Impermeable,Indumentaria,73900.0,2.0,CLI-011
2025-02-15,Botella Térmica,Accesorios,8900.0,2.0,CLI-024
2025-03-30,Mouse Inalámbrico,Electrónica,14400.0,5.0,CLI-034
2025-07-22,Lámpara LED,Hogar,11100.0,2.0,CLI-042
2025-07-12,Teclado Mecánico,Electrónica,49000.0,4.0,CLI-002
2026-01-05,Mouse Inalámbrico,Electrónica,16400.0,1.0,CLI-025
2025-09-29,Lámpara LED,Hogar,11100.0,2.0,CLI-030
2026-02-20,Escritorio Madera,Muebles,95200.0,1.0,CLI-002
2026-05-06,Auriculares Bluetooth,Electrónica,35700.0,2.0,CLI-060
2026-04-26,Cafetera Eléctrica,Hogar,56400.0,2.0,CLI-038
2025-05-16,Botella Térmica,Accesorios,9800.0,5.0,CLI-016
2026-06-25,Lámpara LED,Hogar,11100.0,2.0,CLI-016
2025-06-11,Lámpara LED,Hogar,12400.0,5.0,CLI-031
2026-04-27,Auriculares Bluetooth,Electrónica,35700.0,5.0,CLI-023
2025-07-02,Zapatillas Running,Indumentaria,73600.0,4.0,CLI-033
2025-04-28,Mochila Urbana,Accesorios,30900.0,2.0,CLI-028
2025-01-13,Notebook Lenovo,Electrónica,906200.0,2.0,CLI-009
2025-09-18,Notebook Lenovo,Electrónica,891800.0,1.0,CLI-003
2026-02-20,Silla Ergonómica,Muebles,118900.0,1.0,CLI-011
2026-03-25,Notebook Lenovo,Electrónica,834800.0,2.0,CLI-029
2025-04-22,Campera Impermeable,Indumentaria,71100.0,3.0,CLI-028
2025-09-09,Mouse Inalámbrico,Electrónica,14300.0,5.0,CLI-016
2026-04-23,Lámpara LED,Hogar,10900.0,4.0,CLI-025
2025-09-02,Campera Impermeable,Indumentaria,70300.0,4.0,CLI-003
2025-09-16,Escritorio Madera,Muebles,87700.0,4.0,CLI-056
2025-02-19,Campera Impermeable,Indumentaria,79100.0,1.0,CLI-042
2025-09-09,Cafetera Eléctrica,Hogar,55600.0,3.0,CLI-017
2025-11-05,Mochila Urbana,Accesorios,30600.0,1.0,CLI-051
2025-01-17,Escritorio Madera,Muebles,100500.0,3.0,CLI-016
2025-06-06,Auriculares Bluetooth,Electrónica,35200.0,1.0,CLI-037
2025-02-03,Escritorio Madera,Muebles,1515000.0,1.0,CLI-040
2025-09-28,Zapatillas Running,Indumentaria,62900.0,3.0,CLI-044
2026-02-15,Mouse Inalámbrico,Electrónica,13900.0,1.0,CLI-006
2025-12-06,Escritorio Madera,Muebles,92400.0,2.0,CLI-049
2026-06-28,Zapatillas Running,Indumentaria,69300.0,7.0,CLI-053
2025-02-28,Campera Impermeable,Indumentaria,70600.0,3.0,CLI-044
2025-05-01,Auriculares Bluetooth,Electrónica,35800.0,3.0,CLI-056
2025-09-26,Campera Impermeable,Indumentaria,70300.0,3.0,CLI-007
2025-01-23,Campera Impermeable,Indumentaria,72100.0,1.0,CLI-024
2026-02-23,Escritorio Madera,Muebles,98400.0,1.0,CLI-051
2025-11-12,Notebook Lenovo,Electrónica,802500.0,1.0,CLI-001
2025-04-28,Teclado Mecánico,Electrónica,49200.0,1.0,CLI-038
2025-12-11,Zapatillas Running,Indumentaria,72500.0,5.0,CLI-046
2026-03-07,Mochila Urbana,Accesorios,27600.0,2.0,CLI-040
2026-06-14,Cafetera Eléctrica,Hogar,50800.0,2.0,CLI-005
2025-08-06,Escritorio Madera,Muebles,100700.0,3.0,CLI-018
2025-09-16,Botella Térmica,Accesorios,9600.0,1.0,CLI-022
2025-12-14,Escritorio Madera,Muebles,85600.0,1.0,CLI-037
2025-03-28,Botella Térmica,Accesorios,9700.0,2.0,CLI-037
2025-07-04,Mochila Urbana,Accesorios,31600.0,1.0,CLI-047
2026-03-11,Botella Térmica,Accesorios,8600.0,2.0,CLI-013
2025-10-10,Auriculares Bluetooth,Electrónica,41300.0,1.0,CLI-003
2026-06-23,Cafetera Eléctrica,Hogar,49700.0,1.0,CLI-027
2026-02-03,Escritorio Madera,Muebles,92400.0,1.0,CLI-001
2025-12-17,Teclado Mecánico,Electrónica,48500.0,1.0,CLI-047
2025-08-01,Campera Impermeable,Indumentaria,67900.0,3.0,CLI-050
2025-10-28,Auriculares Bluetooth,Electrónica,34500.0,2.0,CLI-057
2026-03-10,Lámpara LED,Hogar,11000.0,5.0,CLI-038
2025-12-20,Lámpara LED,Hogar,11100.0,3.0,CLI-033
2025-04-10,Cafetera Eléctrica,Hogar,50900.0,2.0,CLI-047
2025-05-30,Auriculares Bluetooth,Electrónica,38200.0,1.0,CLI-011
2025-04-03,Campera Impermeable,Indumentaria,73400.0,4.0,CLI-030
2026-01-03,Campera Impermeable,Indumentaria,65200.0,3.0,CLI-037
2025-02-12,Silla Ergonómica,Muebles,116800.0,1.0,CLI-058
2025-04-04,Botella Térmica,Accesorios,8500.0,3.0,CLI-026
2026-06-01,Lámpara LED,Hogar,12800.0,5.0,CLI-058
2026-02-09,Cafetera Eléctrica,Hogar,49800.0,4.0,CLI-012
2025-02-25,Notebook Lenovo,Electrónica,891400.0,2.0,CLI-040
2025-11-29,Notebook Lenovo,Electrónica,803900.0,1.0,CLI-052
2025-07-17,Teclado Mecánico,Electrónica,46000.0,4.0,CLI-053
2026-01-24,Mochila Urbana,Accesorios,31500.0,1.0,CLI-040
2025-11-18,Mochila Urbana,Accesorios,32100.0,2.0,CLI-033
2025-09-11,Mochila Urbana,Accesorios,31500.0,1.0,CLI-034
2025-05-05,Cafetera Eléctrica,Hogar,51000.0,5.0,CLI-043
2026-02-12,Silla Ergonómica,Muebles,112600.0,1.0,CLI-055
2026-06-13,Notebook Lenovo,Electrónica,927200.0,,CLI-057
2026-03-08,Zapatillas Running,Indumentaria,62700.0,1.0,CLI-031
2026-04-12,Zapatillas Running,Indumentaria,66100.0,5.0,CLI-055
2026-03-03,Campera Impermeable,Indumentaria,73400.0,2.0,CLI-050
2026-04-30,Auriculares Bluetooth,Electrónica,40700.0,2.0,CLI-055
2026-01-02,Mouse Inalámbrico,Electrónica,15900.0,3.0,CLI-034
2026-01-28,Mochila Urbana,Accesorios,448500.0,5.0,CLI-003
2025-11-19,Auriculares Bluetooth,Electrónica,39200.0,4.0,CLI-057
2026-05-24,Auriculares Bluetooth,Electrónica,39400.0,5.0,CLI-022
2025-03-25,Cafetera Eléctrica,Hogar,49700.0,1.0,CLI-023
2026-03-24,Botella Térmica,Accesorios,9800.0,2.0,CLI-004
2026-03-17,Mouse Inalámbrico,Electrónica,14300.0,5.0,CLI-034
2025-02-07,Lámpara LED,Hogar,12700.0,1.0,CLI-060
2026-01-02,Botella Térmica,Accesorios,8800.0,1.0,CLI-003
2026-06-24,Notebook Lenovo,Electrónica,877500.0,1.0,CLI-039
2025-03-31,Silla Ergonómica,Muebles,,4.0,CLI-013
2026-06-21,Campera Impermeable,Indumentaria,65200.0,2.0,CLI-054
2026-04-18,Botella Térmica,Accesorios,8500.0,2.0,CLI-054
2026-03-29,Notebook Lenovo,Electrónica,799600.0,1.0,CLI-060
2025-06-12,Silla Ergonómica,Muebles,121200.0,4.0,CLI-006
2025-11-03,Cafetera Eléctrica,Hogar,58500.0,3.0,CLI-022
2025-04-12,Mochila Urbana,Accesorios,31700.0,5.0,CLI-002
2025-05-24,Botella Térmica,Accesorios,9400.0,3.0,CLI-004
2025-02-12,Notebook Lenovo,Electrónica,778800.0,2.0,CLI-042
2025-09-06,Notebook Lenovo,Electrónica,862300.0,1.0,CLI-013
2025-06-09,Zapatillas Running,Indumentaria,65600.0,2.0,CLI-045
2026-01-13,Cafetera Eléctrica,Hogar,58300.0,1.0,CLI-040
2026-02-09,Botella Térmica,Accesorios,8200.0,1.0,CLI-008
2026-05-12,Zapatillas Running,Indumentaria,73000.0,3.0,CLI-051
2025-02-13,Cafetera Eléctrica,Hogar,50100.0,4.0,CLI-053
2025-06-13,Botella Térmica,Accesorios,8300.0,1.0,CLI-055
2025-06-26,Mochila Urbana,Accesorios,31200.0,2.0,CLI-059
2025-02-26,Silla Ergonómica,Muebles,124000.0,1.0,CLI-008
2025-05-08,Teclado Mecánico,Electrónica,44500.0,1.0,CLI-028
2025-03-18,Zapatillas Running,Indumentaria,74000.0,1.0,CLI-022
2025-11-20,Notebook Lenovo,Electrónica,831200.0,1.0,CLI-035
2025-11-25,Silla Ergonómica,Muebles,125500.0,1.0,CLI-013
2026-04-26,Cafetera Eléctrica,Hogar,59100.0,1.0,CLI-049
2025-12-29,Mochila Urbana,Accesorios,31600.0,2.0,CLI-040
2025-08-01,Cafetera Eléctrica,Hogar,52900.0,2.0,CLI-055
2026-04-09,Escritorio Madera,Muebles,86800.0,1.0,CLI-052
2025-09-28,Zapatillas Running,Indumentaria,67800.0,1.0,CLI-006
2025-06-21,Lámpara LED,Hogar,11500.0,2.0,CLI-031
2025-12-07,Lámpara LED,Hogar,12700.0,2.0,CLI-018
2025-06-12,Botella Térmica,Accesorios,9700.0,5.0,CLI-017
2026-05-18,Mouse Inalámbrico,Electrónica,16100.0,2.0,CLI-031
2025-11-25,Lámpara LED,Hogar,13000.0,1.0,CLI-025
2025-01-13,Botella Térmica,Accesorios,8300.0,1.0,CLI-011
2025-11-16,Escritorio Madera,Muebles,94200.0,2.0,CLI-034
2025-11-20,Botella Térmica,Accesorios,8400.0,1.0,CLI-032
2025-06-18,Cafetera Eléctrica,Hogar,51000.0,4.0,CLI-007
2026-05-19,Escritorio Madera,Muebles,90100.0,2.0,CLI-004
2026-02-10,Campera Impermeable,Indumentaria,66300.0,2.0,CLI-021
2026-04-23,Zapatillas Running,Indumentaria,70000.0,2.0,CLI-017
2025-03-30,Silla Ergonómica,Muebles,126400.0,5.0,CLI-025
2025-01-05,Zapatillas Running,Indumentaria,71200.0,4.0,CLI-054
2026-05-12,Escritorio Madera,Muebles,102500.0,1.0,CLI-003
2026-05-18,Auriculares Bluetooth,Electrónica,35100.0,,CLI-029
2025-05-14,Mochila Urbana,Accesorios,32900.0,1.0,CLI-048
2025-11-07,Auriculares Bluetooth,Electrónica,36100.0,1.0,CLI-046
2025-04-12,Auriculares Bluetooth,Electrónica,39000.0,2.0,CLI-043
2025-10-24,Mouse Inalámbrico,Electrónica,16100.0,1.0,CLI-025
2025-09-07,Silla Ergonómica,Muebles,123900.0,3.0,CLI-031
2025-11-19,Notebook Lenovo,Electrónica,928400.0,1.0,CLI-049
2025-08-27,Notebook Lenovo,Electrónica,782000.0,3.0,CLI-046
2026-05-24,Escritorio Madera,Muebles,95400.0,2.0,CLI-011
2025-06-14,Escritorio Madera,Muebles,93300.0,5.0,CLI-019
2026-03-14,Zapatillas Running,Indumentaria,65700.0,4.0,CLI-043
2025-04-11,Lámpara LED,Hogar,11400.0,1.0,CLI-022
2025-06-22,Campera Impermeable,Indumentaria,75800.0,5.0,CLI-009
2025-05-07,Cafetera Eléctrica,Hogar,54500.0,1.0,CLI-032
2025-02-08,Silla Ergonómica,Muebles,131900.0,1.0,CLI-007
2025-01-10,Cafetera Eléctrica,Hogar,59400.0,1.0,CLI-005
2026-01-16,Teclado Mecánico,Electrónica,47200.0,2.0,CLI-047
2025-01-18,Mouse Inalámbrico,Electrónica,14400.0,4.0,CLI-045
2026-02-03,Mochila Urbana,Accesorios,32400.0,3.0,CLI-025
2025-07-17,Teclado Mecánico,Electrónica,46000.0,4.0,CLI-053
2025-12-18,Botella Térmica,Accesorios,8300.0,1.0,CLI-003
2026-04-29,Mouse Inalámbrico,Electrónica,15500.0,1.0,CLI-001
2025-04-04,Botella Térmica,Accesorios,8300.0,2.0,CLI-031
2026-05-26,Cafetera Eléctrica,Hogar,53000.0,5.0,CLI-048
2025-09-28,Notebook Lenovo,Electrónica,889100.0,1.0,CLI-060
2025-06-02,Campera Impermeable,Indumentaria,78500.0,1.0,CLI-008
2025-11-08,Notebook Lenovo,Electrónica,926300.0,3.0,CLI-054
2026-05-30,Botella Térmica,Accesorios,9300.0,1.0,CLI-007
2025-05-18,Zapatillas Running,Indumentaria,67600.0,2.0,CLI-022
2025-07-04,Silla Ergonómica,Muebles,124900.0,2.0,CLI-059
2025-05-19,Mochila Urbana,Accesorios,32900.0,4.0,CLI-024
2026-02-02,Lámpara LED,Hogar,12200.0,4.0,CLI-028
2025-04-17,Campera Impermeable,Indumentaria,75400.0,3.0,CLI-009
2026-04-08,Auriculares Bluetooth,Electrónica,37300.0,5.0,CLI-026
2025-09-27,Cafetera Eléctrica,Hogar,54600.0,2.0,CLI-054
2025-10-17,Silla Ergonómica,Muebles,124400.0,5.0,CLI-005
2026-02-07,Botella Térmica,Accesorios,9600.0,3.0,CLI-021
2026-05-10,Escritorio Madera,Muebles,94500.0,5.0,CLI-047
2025-09-04,Cafetera Eléctrica,Hogar,59500.0,1.0,CLI-015
2026-06-07,Auriculares Bluetooth,Electrónica,41100.0,3.0,CLI-023
2025-05-23,Botella Térmica,Accesorios,8300.0,1.0,CLI-038
2025-05-19,Mouse Inalámbrico,Electrónica,15600.0,5.0,CLI-003
2026-06-28,Auriculares Bluetooth,Electrónica,37100.0,5.0,CLI-022
2025-01-27,Campera Impermeable,Indumentaria,78200.0,2.0,CLI-002
2026-03-22,Auriculares Bluetooth,Electrónica,41800.0,1.0,CLI-054
2025-10-20,Zapatillas Running,Indumentaria,73200.0,4.0,CLI-017
2025-06-23,Mochila Urbana,Accesorios,27500.0,3.0,CLI-006
2025-12-05,Cafetera Eléctrica,Hogar,57300.0,1.0,CLI-003
2026-04-30,Lámpara LED,Hogar,11300.0,1.0,CLI-043
2025-06-24,Mochila Urbana,Accesorios,32300.0,1.0,CLI-019
2025-06-18,Botella Térmica,Accesorios,8500.0,1.0,CLI-036
2025-06-12,Mouse Inalámbrico,Electrónica,14400.0,4.0,CLI-009
2025-11-21,Teclado Mecánico,Electrónica,44000.0,4.0,CLI-024
2026-02-17,Botella Térmica,Accesorios,8700.0,1.0,CLI-016
2025-03-25,Teclado Mecánico,Electrónica,42700.0,1.0,CLI-011
2026-01-15,Lámpara LED,Hogar,11700.0,5.0,CLI-003
2025-06-26,Cafetera Eléctrica,Hogar,60000.0,1.0,CLI-002
2025-06-01,Auriculares Bluetooth,Electrónica,35000.0,2.0,CLI-013
2025-09-27,Escritorio Madera,Muebles,101900.0,1.0,CLI-029
2025-05-01,Silla Ergonómica,Muebles,110700.0,1.0,CLI-032
2025-12-27,Zapatillas Running,Indumentaria,67700.0,4.0,CLI-044
2025-11-09,Mouse Inalámbrico,Electrónica,14000.0,1.0,CLI-033
2025-09-02,Silla Ergonómica,Muebles,131200.0,5.0,CLI-058
2025-11-06,Mochila Urbana,Accesorios,29400.0,1.0,CLI-003
2025-07-26,Teclado Mecánico,Electrónica,43600.0,1.0,CLI-059
2026-05-02,Silla Ergonómica,Muebles,129500.0,1.0,CLI-022
2025-01-02,Notebook Lenovo,Electrónica,830600.0,4.0,CLI-011
2025-06-16,Teclado Mecánico,Electrónica,48400.0,1.0,CLI-012
2025-03-27,Silla Ergonómica,Muebles,109900.0,2.0,CLI-052
2026-02-18,Mouse Inalámbrico,Electrónica,14500.0,2.0,CLI-043
2026-04-05,Escritorio Madera,Muebles,95300.0,1.0,CLI-029
2025-06-29,Mochila Urbana,Accesorios,31100.0,5.0,CLI-004
2025-05-03,Mouse Inalámbrico,Electrónica,14000.0,2.0,CLI-053
2026-06-08,Mouse Inalámbrico,Electrónica,14700.0,2.0,CLI-017
2026-03-06,Campera Impermeable,Indumentaria,75800.0,1.0,CLI-016
2026-02-11,Zapatillas Running,Indumentaria,66200.0,4.0,CLI-001
2026-04-14,Mouse Inalámbrico,Electrónica,13800.0,5.0,CLI-039
2026-03-06,Campera Impermeable,Indumentaria,75500.0,1.0,CLI-057
2025-09-11,Silla Ergonómica,Muebles,129000.0,1.0,CLI-029
2026-06-18,Auriculares Bluetooth,Electrónica,37300.0,2.0,CLI-004
2025-05-21,Lámpara LED,Hogar,12800.0,1.0,CLI-033
2026-03-21,Mochila Urbana,Accesorios,29600.0,4.0,CLI-031
2025-04-06,Lámpara LED,Hogar,12000.0,2.0,CLI-045
2025-05-05,Campera Impermeable,Indumentaria,74500.0,5.0,CLI-053
2026-01-03,Cafetera Eléctrica,Hogar,55500.0,5.0,CLI-023
2025-10-22,Cafetera Eléctrica,Hogar,59200.0,5.0,CLI-008
2025-11-17,Escritorio Madera,Muebles,102200.0,1.0,CLI-025
2025-01-17,Mochila Urbana,Accesorios,30100.0,2.0,CLI-046
2025-07-10,Notebook Lenovo,Electrónica,890200.0,2.0,CLI-037
2025-08-31,Teclado Mecánico,Electrónica,44200.0,5.0,CLI-014
2025-01-07,Teclado Mecánico,Electrónica,46800.0,3.0,CLI-018
2025-05-16,Mouse Inalámbrico,Electrónica,14100.0,5.0,CLI-036
2026-03-01,Mochila Urbana,Accesorios,27600.0,5.0,CLI-040
2025-08-02,Escritorio Madera,Muebles,91300.0,1.0,CLI-014
2025-02-10,Silla Ergonómica,Muebles,116600.0,3.0,CLI-028
2026-05-16,Botella Térmica,Accesorios,9300.0,5.0,CLI-030
2025-04-24,Campera Impermeable,Indumentaria,74400.0,1.0,CLI-006
2025-09-11,Mochila Urbana,Accesorios,28700.0,5.0,CLI-041
2025-10-01,Escritorio Madera,Muebles,91200.0,1.0,CLI-017
2025-09-06,Botella Térmica,Accesorios,9200.0,2.0,CLI-026
2025-01-13,Auriculares Bluetooth,Electrónica,34500.0,3.0,CLI-025
2025-10-12,Cafetera Eléctrica,Hogar,56500.0,3.0,CLI-011
2026-02-02,Zapatillas Running,Indumentaria,66600.0,3.0,CLI-055
2026-05-16,Mochila Urbana,Accesorios,28600.0,4.0,CLI-012
2026-03-01,Escritorio Madera,Muebles,103300.0,2.0,CLI-053
2026-04-09,Teclado Mecánico,Electrónica,41700.0,2.0,CLI-054
2025-04-28,Lámpara LED,Hogar,10900.0,3.0,CLI-011
2025-07-23,Teclado Mecánico,Electrónica,43900.0,1.0,CLI-035
2026-05-28,Zapatillas Running,Indumentaria,67900.0,3.0,CLI-003
2025-02-25,Auriculares Bluetooth,Electrónica,38100.0,5.0,CLI-041
2025-01-06,Mouse Inalámbrico,Electrónica,15800.0,2.0,CLI-012
2025-12-06,Mouse Inalámbrico,Electrónica,16100.0,5.0,CLI-007
2025-06-06,Auriculares Bluetooth,Electrónica,36700.0,4.0,CLI-037
2025-10-16,Silla Ergonómica,Muebles,113700.0,1.0,CLI-026
2025-06-03,Teclado Mecánico,Electrónica,48900.0,1.0,CLI-036
2025-09-20,Zapatillas Running,Indumentaria,71000.0,1.0,CLI-059
2026-04-30,Botella Térmica,Accesorios,9300.0,5.0,CLI-008
2025-03-11,Escritorio Madera,Muebles,90400.0,1.0,CLI-047
2026-06-14,Escritorio Madera,Muebles,87900.0,1.0,CLI-050
2025-09-23,Mouse Inalámbrico,Electrónica,13600.0,1.0,CLI-013
2025-01-21,Notebook Lenovo,Electrónica,882300.0,4.0,CLI-029
2026-03-06,Auriculares Bluetooth,Electrónica,36600.0,4.0,CLI-059
2025-03-12,Cafetera Eléctrica,Hogar,49800.0,4.0,CLI-012
2025-03-05,Botella Térmica,Accesorios,8300.0,2.0,CLI-036
2026-06-03,Mochila Urbana,Accesorios,29000.0,4.0,CLI-053
2025-03-11,Notebook Lenovo,Electrónica,911100.0,1.0,CLI-033
2025-10-24,Notebook Lenovo,Electrónica,766600.0,1.0,CLI-060
2026-02-10,Silla Ergonómica,Muebles,108200.0,1.0,CLI-059
2025-08-16,Zapatillas Running,Indumentaria,71400.0,3.0,CLI-024
2025-01-30,Botella Térmica,Accesorios,9200.0,2.0,CLI-029
2026-02-24,Zapatillas Running,Indumentaria,61500.0,1.0,CLI-031
2025-11-25,Auriculares Bluetooth,Electrónica,36500.0,1.0,CLI-043
2026-06-10,Lámpara LED,Hogar,11900.0,1.0,CLI-036
2025-05-06,Lámpara LED,Hogar,11600.0,4.0,CLI-056
2025-07-25,Botella Térmica,Accesorios,8700.0,3.0,CLI-029
2025-12-16,Cafetera Eléctrica,Hogar,51600.0,1.0,CLI-010
2025-07-29,Silla Ergonómica,Muebles,130700.0,1.0,CLI-049
2025-09-08,Mouse Inalámbrico,Electrónica,16300.0,1.0,CLI-030
2025-10-26,Campera Impermeable,Indumentaria,76100.0,2.0,CLI-030
2025-05-07,Campera Impermeable,Indumentaria,75300.0,4.0,CLI-021
2026-04-14,Auriculares Bluetooth,Electrónica,35800.0,3.0,CLI-004
2026-05-10,Zapatillas Running,Indumentaria,71800.0,3.0,CLI-038
2025-09-02,Silla Ergonómica,Muebles,118600.0,2.0,CLI-016
2025-08-03,Campera Impermeable,Indumentaria,75100.0,5.0,CLI-009
2025-07-10,Mochila Urbana,Accesorios,30500.0,4.0,CLI-006
2025-07-25,Escritorio Madera,Muebles,93300.0,5.0,CLI-010
2025-07-07,Silla Ergonómica,Muebles,119100.0,1.0,CLI-029
2025-04-03,Lámpara LED,Hogar,13100.0,1.0,CLI-029
2025-01-01,Mouse Inalámbrico,Electrónica,15900.0,2.0,CLI-057
2025-03-03,Lámpara LED,Hogar,12000.0,4.0,CLI-028
2025-08-13,Teclado Mecánico,Electrónica,45100.0,1.0,CLI-049
2025-05-21,Botella Térmica,Accesorios,8700.0,5.0,CLI-034
2025-04-29,Silla Ergonómica,Muebles,112300.0,2.0,CLI-003
2025-02-12,Escritorio Madera,Muebles,95600.0,3.0,CLI-005
2025-06-27,Cafetera Eléctrica,Hogar,59500.0,3.0,CLI-035
2025-04-13,Mouse Inalámbrico,Electrónica,15200.0,1.0,CLI-051
2025-08-13,Notebook Lenovo,Electrónica,854500.0,1.0,CLI-022
2025-12-08,Teclado Mecánico,Electrónica,41200.0,1.0,CLI-034
2025-02-01,Auriculares Bluetooth,Electrónica,35700.0,1.0,CLI-040
2026-05-13,Mouse Inalámbrico,Electrónica,16400.0,1.0,CLI-009
2025-02-14,Silla Ergonómica,Muebles,129600.0,2.0,CLI-021
2025-10-15,Zapatillas Running,Indumentaria,68900.0,1.0,CLI-012
2026-04-15,Teclado Mecánico,Electrónica,42900.0,2.0,CLI-048
2026-06-05,Zapatillas Running,Indumentaria,960000.0,6.0,CLI-024
2026-03-28,Notebook Lenovo,Electrónica,863500.0,1.0,CLI-006
2025-04-29,Mouse Inalámbrico,Electrónica,15700.0,1.0,CLI-018
2026-06-27,Teclado Mecánico,Electrónica,44000.0,2.0,CLI-014
2025-03-10,Auriculares Bluetooth,Electrónica,40100.0,3.0,CLI-024
2026-06-17,Lámpara LED,Hogar,12500.0,3.0,CLI-030
2025-03-19,Teclado Mecánico,Electrónica,47300.0,2.0,CLI-056
2025-09-22,Botella Térmica,Accesorios,9600.0,1.0,CLI-019
2025-11-05,Lámpara LED,Hogar,12100.0,1.0,CLI-020
2025-02-25,Zapatillas Running,Indumentaria,65200.0,1.0,CLI-041
2025-09-15,Zapatillas Running,Indumentaria,62200.0,2.0,CLI-059
2025-10-16,Lámpara LED,Hogar,12000.0,4.0,CLI-011
2026-04-11,Botella Térmica,Accesorios,9900.0,3.0,CLI-027
2026-01-25,Mouse Inalámbrico,Electrónica,15100.0,5.0,CLI-045
2026-02-10,Escritorio Madera,Muebles,98600.0,1.0,CLI-048
2026-02-11,Escritorio Madera,Muebles,86100.0,2.0,CLI-051
2025-12-29,Mouse Inalámbrico,Electrónica,14700.0,1.0,CLI-028
2025-08-14,Silla Ergonómica,Muebles,108800.0,2.0,CLI-035
2025-09-16,Campera Impermeable,Indumentaria,76400.0,2.0,CLI-046
2025-10-18,Escritorio Madera,Muebles,95900.0,1.0,CLI-037
2025-03-26,Botella Térmica,Accesorios,8900.0,4.0,CLI-039
2025-05-13,Lámpara LED,Hogar,12000.0,1.0,CLI-054
2025-12-14,Zapatillas Running,Indumentaria,74000.0,1.0,CLI-013
2025-06-29,Lámpara LED,Hogar,11500.0,2.0,CLI-009
2025-09-19,Escritorio Madera,Muebles,103600.0,5.0,CLI-005
2025-06-27,Botella Térmica,Accesorios,9600.0,1.0,CLI-025
2026-01-14,Campera Impermeable,Indumentaria,72800.0,4.0,CLI-009
2025-11-22,Botella Térmica,Accesorios,,4.0,CLI-025
2026-01-15,Mouse Inalámbrico,Electrónica,15100.0,2.0,CLI-004
2025-11-18,Botella Térmica,Accesorios,9400.0,2.0,CLI-013
2026-04-21,Campera Impermeable,Indumentaria,73600.0,4.0,CLI-022
2025-05-30,Notebook Lenovo,Electrónica,809300.0,4.0,CLI-019
2025-05-24,Botella Térmica,Accesorios,8100.0,5.0,CLI-019
2026-02-15,Zapatillas Running,Indumentaria,68100.0,4.0,CLI-035
2026-01-27,Cafetera Eléctrica,Hogar,59100.0,4.0,CLI-025
2026-01-25,Escritorio Madera,Muebles,97400.0,5.0,CLI-056
2026-01-21,Teclado Mecánico,Electrónica,42000.0,1.0,CLI-047
2026-05-21,Cafetera Eléctrica,Hogar,57800.0,5.0,CLI-044
2026-06-05,Botella Térmica,Accesorios,9700.0,1.0,CLI-018
2025-05-16,Mochila Urbana,Accesorios,28000.0,1.0,CLI-015
2025-01-21,Campera Impermeable,Indumentaria,70300.0,1.0,CLI-023
2025-01-30,Mochila Urbana,Accesorios,30700.0,2.0,CLI-046
2026-05-18,Mouse Inalámbrico,Electrónica,16100.0,2.0,CLI-031
2026-03-03,Campera Impermeable,Indumentaria,71800.0,5.0,CLI-012
2025-04-12,Botella Térmica,Accesorios,9300.0,1.0,CLI-009
2026-05-14,Mochila Urbana,Accesorios,28900.0,3.0,CLI-015
2025-02-25,Mochila Urbana,Accesorios,30900.0,1.0,CLI-004
2026-01-04,Botella Térmica,Accesorios,8500.0,1.0,CLI-030
2025-03-01,Notebook Lenovo,Electrónica,841800.0,2.0,CLI-049
2025-06-09,Auriculares Bluetooth,Electrónica,,3.0,CLI-007
2026-05-06,Lámpara LED,Hogar,11800.0,1.0,CLI-032
2025-05-16,Botella Térmica,Accesorios,9400.0,1.0,CLI-007
2026-02-21,Campera Impermeable,Indumentaria,75600.0,2.0,CLI-056
2026-05-03,Notebook Lenovo,Electrónica,873200.0,1.0,CLI-006
2025-06-13,Cafetera Eléctrica,Hogar,60500.0,5.0,CLI-032
2025-06-29,Lámpara LED,Hogar,12900.0,1.0,CLI-060
2026-03-10,Silla Ergonómica,Muebles,109100.0,3.0,CLI-050
2025-06-19,Silla Ergonómica,Muebles,122300.0,2.0,CLI-029
2025-12-19,Zapatillas Running,Indumentaria,66800.0,2.0,CLI-036
2025-12-06,Lámpara LED,Hogar,11100.0,1.0,CLI-017
2025-10-25,Silla Ergonómica,Muebles,128400.0,1.0,CLI-051
2026-01-01,Notebook Lenovo,Electrónica,912200.0,3.0,CLI-018
2025-10-23,Teclado Mecánico,Electrónica,47500.0,5.0,CLI-036
2025-10-03,Silla Ergonómica,Muebles,114400.0,1.0,CLI-005
2026-06-01,Cafetera Eléctrica,Hogar,57900.0,2.0,CLI-053
2025-08-19,Mouse Inalámbrico,Electrónica,14900.0,1.0,CLI-042
2026-05-25,Escritorio Madera,Muebles,103100.0,2.0,CLI-052
2026-03-09,Botella Térmica,Accesorios,8300.0,1.0,CLI-015
2026-03-29,Escritorio Madera,Muebles,104300.0,2.0,CLI-041
2026-04-07,Campera Impermeable,Indumentaria,65600.0,3.0,CLI-001
2025-06-04,Notebook Lenovo,Electrónica,802200.0,5.0,CLI-024
2025-03-20,Escritorio Madera,Muebles,90300.0,2.0,CLI-047
2025-06-05,Cafetera Eléctrica,Hogar,60100.0,1.0,CLI-033
2025-12-23,Lámpara LED,Hogar,11600.0,1.0,CLI-055
